http://chaghi.com.ar/blog/2005/12/13/asatej/,http://chaghi.com.ar/blog/posts/2005/12/13/asatej.html
http://chaghi.com.ar/blog/2006/12/24/feliz-navidad/,http://chaghi.com.ar/blog/posts/2006/12/24/feliz-navidad.html
http://chaghi.com.ar/blog/2006/02/21/asado_de_cumpleaos/,http://chaghi.com.ar/blog/posts/2006/02/21/asado_de_cumpleaos.html
http://chaghi.com.ar/blog/2004/11/12/firefox_1000000_de_descargas_el_dia_del_debut/,http://chaghi.com.ar/blog/posts/2004/11/12/firefox_1000000_de_descargas_el_dia_del_debut.html
http://chaghi.com.ar/blog/2006/09/01/jupiter_vs_tierra/,http://chaghi.com.ar/blog/posts/2006/09/01/jupiter_vs_tierra.html
http://chaghi.com.ar/blog/2007/04/23/libros-libros-libros/,http://chaghi.com.ar/blog/posts/2007/04/23/libros-libros-libros.html
http://chaghi.com.ar/blog/2009/06/30/insomnes_beeps/,http://chaghi.com.ar/blog/posts/2009/06/30/insomnes_beeps.html
http://chaghi.com.ar/blog/2011/04/15/u2-360-en-argentina/,http://chaghi.com.ar/blog/posts/2011/04/15/u2-360-en-argentina.html
http://chaghi.com.ar/blog/2010/09/13/un_mensaje_de_estado_no_es_participar/,http://chaghi.com.ar/blog/posts/2010/09/13/un_mensaje_de_estado_no_es_participar.html
http://chaghi.com.ar/blog/2005/05/25/gnome_en_la_nueva_nokia_internet_tablet/,http://chaghi.com.ar/blog/posts/2005/05/25/gnome_en_la_nueva_nokia_internet_tablet.html
http://chaghi.com.ar/blog/2005/12/09/backup/,http://chaghi.com.ar/blog/posts/2005/12/09/backup.html
http://chaghi.com.ar/blog/2011/12/26/stephen-king-lo-hizo-otra-vez/,http://chaghi.com.ar/blog/posts/2011/12/26/stephen-king-lo-hizo-otra-vez.html
http://chaghi.com.ar/blog/2007/08/09/los_simpson/,http://chaghi.com.ar/blog/posts/2007/08/09/los_simpson.html
http://chaghi.com.ar/blog/2009/04/09/trilogia_millennium_1_2/,http://chaghi.com.ar/blog/posts/2009/04/09/trilogia_millennium_1_2.html
http://chaghi.com.ar/blog/2007/06/20/la_puna_quedo_en_silencio/,http://chaghi.com.ar/blog/posts/2007/06/20/la_puna_quedo_en_silencio.html
http://chaghi.com.ar/blog/2005/12/15/tiburones_en_romario/,http://chaghi.com.ar/blog/posts/2005/12/15/tiburones_en_romario.html
http://chaghi.com.ar/blog/2005/09/12/humedad/,http://chaghi.com.ar/blog/posts/2005/09/12/humedad.html
http://chaghi.com.ar/blog/2008/06/07/indiana_jones_y_el_reino_de_la_calavera_de_cristal/,http://chaghi.com.ar/blog/posts/2008/06/07/indiana_jones_y_el_reino_de_la_calavera_de_cristal.html
http://chaghi.com.ar/blog/2007/06/20/memorias_impuras/,http://chaghi.com.ar/blog/posts/2007/06/20/memorias_impuras.html
http://chaghi.com.ar/blog/2007/03/26/men-es-ese-horror-c-mico/,http://chaghi.com.ar/blog/posts/2007/03/26/men-es-ese-horror-c-mico.html
http://chaghi.com.ar/blog/2007/06/12/gracias_ticketek_por_el_no_servicio/,http://chaghi.com.ar/blog/posts/2007/06/12/gracias_ticketek_por_el_no_servicio.html
http://chaghi.com.ar/blog/2009/01/04/el_dia_que_la_tierra_se_detuvo/,http://chaghi.com.ar/blog/posts/2009/01/04/el_dia_que_la_tierra_se_detuvo.html
http://chaghi.com.ar/blog/2011/02/06/primeras-horas-con-wordpress/,http://chaghi.com.ar/blog/posts/2011/02/06/primeras-horas-con-wordpress.html
http://chaghi.com.ar/blog/2005/02/14/30_pirulos/,http://chaghi.com.ar/blog/posts/2005/02/14/30_pirulos.html
http://chaghi.com.ar/blog/2005/07/31/kung_fusion/,http://chaghi.com.ar/blog/posts/2005/07/31/kung_fusion.html
http://chaghi.com.ar/blog/2008/08/23/caminito/,http://chaghi.com.ar/blog/posts/2008/08/23/caminito.html
http://chaghi.com.ar/blog/2007/09/30/como_tener_una_consola_de_ironpython_decente_en_linux/,http://chaghi.com.ar/blog/posts/2007/09/30/como_tener_una_consola_de_ironpython_decente_en_linux.html
http://chaghi.com.ar/blog/2006/11/07/sof-a-welcome-to-the-real-world/,http://chaghi.com.ar/blog/posts/2006/11/07/sof-a-welcome-to-the-real-world.html
http://chaghi.com.ar/blog/2007/03/12/per-es-un-hombre-ingenioso/,http://chaghi.com.ar/blog/posts/2007/03/12/per-es-un-hombre-ingenioso.html
http://chaghi.com.ar/blog/2011/02/12/sobre-el-sexo-de-los-celulares/,http://chaghi.com.ar/blog/posts/2011/02/12/sobre-el-sexo-de-los-celulares.html
http://chaghi.com.ar/blog/2005/09/01/laburo/,http://chaghi.com.ar/blog/posts/2005/09/01/laburo.html
http://chaghi.com.ar/blog/2008/08/02/una_de_batman/,http://chaghi.com.ar/blog/posts/2008/08/02/una_de_batman.html
http://chaghi.com.ar/blog/2006/11/26/los-infiltrados/,http://chaghi.com.ar/blog/posts/2006/11/26/los-infiltrados.html
http://chaghi.com.ar/blog/2007/02/09/hot-joy-2007/,http://chaghi.com.ar/blog/posts/2007/02/09/hot-joy-2007.html
http://chaghi.com.ar/blog/2008/05/12/1984/,http://chaghi.com.ar/blog/posts/2008/05/12/1984.html
http://chaghi.com.ar/blog/2010/02/14/frase/,http://chaghi.com.ar/blog/posts/2010/02/14/frase.html
http://chaghi.com.ar/blog/2005/08/15/percepcion_del_color/,http://chaghi.com.ar/blog/posts/2005/08/15/percepcion_del_color.html
http://chaghi.com.ar/blog/2009/05/09/perspectiva/,http://chaghi.com.ar/blog/posts/2009/05/09/perspectiva.html
http://chaghi.com.ar/blog/2005/09/17/que_semanita/,http://chaghi.com.ar/blog/posts/2005/09/17/que_semanita.html
http://chaghi.com.ar/blog/2006/03/25/windows_vista_innovacion/,http://chaghi.com.ar/blog/posts/2006/03/25/windows_vista_innovacion.html
http://chaghi.com.ar/blog/2006/05/11/goteborg_halmstad_kopenhamn/,http://chaghi.com.ar/blog/posts/2006/05/11/goteborg_halmstad_kopenhamn.html
http://chaghi.com.ar/blog/2009/03/08/series_2009/,http://chaghi.com.ar/blog/posts/2009/03/08/series_2009.html
http://chaghi.com.ar/blog/2014/08/03/de-tastil-a-leon/,http://chaghi.com.ar/blog/posts/2014/08/03/de-tastil-a-leon.html
http://chaghi.com.ar/blog/2007/01/17/y-lleg-la-laptop/,http://chaghi.com.ar/blog/posts/2007/01/17/y-lleg-la-laptop.html
http://chaghi.com.ar/blog/2004/11/12/ida_y_vuelta_a_marte_en_90_dias/,http://chaghi.com.ar/blog/posts/2004/11/12/ida_y_vuelta_a_marte_en_90_dias.html
http://chaghi.com.ar/blog/2008/08/29/un_novio_para_mi_mujer/,http://chaghi.com.ar/blog/posts/2008/08/29/un_novio_para_mi_mujer.html
http://chaghi.com.ar/blog/2006/12/17/asado-en-lo-de-d-d-mateada-en-lo-de-romi/,http://chaghi.com.ar/blog/posts/2006/12/17/asado-en-lo-de-d-d-mateada-en-lo-de-romi.html
http://chaghi.com.ar/blog/2006/05/23/seguimos_transmitiendo_desde_espaa/,http://chaghi.com.ar/blog/posts/2006/05/23/seguimos_transmitiendo_desde_espaa.html
http://chaghi.com.ar/blog/2007/10/19/bienvenida_linea_h/,http://chaghi.com.ar/blog/posts/2007/10/19/bienvenida_linea_h.html
http://chaghi.com.ar/blog/2007/06/24/aplanando_mi_red_hogarenia/,http://chaghi.com.ar/blog/posts/2007/06/24/aplanando_mi_red_hogarenia.html
http://chaghi.com.ar/blog/2006/04/10/casanova_y_el_plan_perfecto/,http://chaghi.com.ar/blog/posts/2006/04/10/casanova_y_el_plan_perfecto.html
http://chaghi.com.ar/blog/2011/05/22/un-par-de-meses-con-android/,http://chaghi.com.ar/blog/posts/2011/05/22/un-par-de-meses-con-android.html
http://chaghi.com.ar/blog/2004/10/01/the_jargon_file/,http://chaghi.com.ar/blog/posts/2004/10/01/the_jargon_file.html
http://chaghi.com.ar/blog/2005/07/29/ascii/,http://chaghi.com.ar/blog/posts/2005/07/29/ascii.html
http://chaghi.com.ar/blog/2007/12/20/otro_poco_de_muy_buen-_jazz_bossa/,http://chaghi.com.ar/blog/posts/2007/12/20/otro_poco_de_muy_buen-_jazz_bossa.html
http://chaghi.com.ar/blog/2007/01/08/ni-os-del-hombre/,http://chaghi.com.ar/blog/posts/2007/01/08/ni-os-del-hombre.html
http://chaghi.com.ar/blog/2007/03/08/el-buen-pastor/,http://chaghi.com.ar/blog/posts/2007/03/08/el-buen-pastor.html
http://chaghi.com.ar/blog/2006/08/08/finde_de_cine_chiches_nuevos_y_otras_yerbas/,http://chaghi.com.ar/blog/posts/2006/08/08/finde_de_cine_chiches_nuevos_y_otras_yerbas.html
http://chaghi.com.ar/blog/2005/05/02/feliz_dia/,http://chaghi.com.ar/blog/posts/2005/05/02/feliz_dia.html
http://chaghi.com.ar/blog/2008/04/29/historia_de_chorros_atenci_n_al_cliente_y_nuevo_celular-_todo_en_uno/,http://chaghi.com.ar/blog/posts/2008/04/29/historia_de_chorros_atenci_n_al_cliente_y_nuevo_celular-_todo_en_uno.html
http://chaghi.com.ar/blog/2007/04/17/segundo-examen-de-tai-chi-chuan/,http://chaghi.com.ar/blog/posts/2007/04/17/segundo-examen-de-tai-chi-chuan.html
http://chaghi.com.ar/blog/2007/09/02/sqlalchemy_orm_que_sabe_algebra_relacional/,http://chaghi.com.ar/blog/posts/2007/09/02/sqlalchemy_orm_que_sabe_algebra_relacional.html
http://chaghi.com.ar/blog/2005/02/28/fin_de_semana_de_cine/,http://chaghi.com.ar/blog/posts/2005/02/28/fin_de_semana_de_cine.html
http://chaghi.com.ar/blog/2012/01/31/dell-matate-posta/,http://chaghi.com.ar/blog/posts/2012/01/31/dell-matate-posta.html
http://chaghi.com.ar/blog/2007/02/15/el-conquistador/,http://chaghi.com.ar/blog/posts/2007/02/15/el-conquistador.html
http://chaghi.com.ar/blog/2007/05/02/amigos/,http://chaghi.com.ar/blog/posts/2007/05/02/amigos.html
http://chaghi.com.ar/blog/2009/12/25/cerati_en_el_ciudad/,http://chaghi.com.ar/blog/posts/2009/12/25/cerati_en_el_ciudad.html
http://chaghi.com.ar/blog/2006/06/24/la_torre_oscura_-_fin/,http://chaghi.com.ar/blog/posts/2006/06/24/la_torre_oscura_-_fin.html
http://chaghi.com.ar/blog/2010/08/24/quien_dijo_quien_dijo/,http://chaghi.com.ar/blog/posts/2010/08/24/quien_dijo_quien_dijo.html
http://chaghi.com.ar/blog/2005/12/17/king_kong/,http://chaghi.com.ar/blog/posts/2005/12/17/king_kong.html
http://chaghi.com.ar/blog/2004/12/14/fuego/,http://chaghi.com.ar/blog/posts/2004/12/14/fuego.html
http://chaghi.com.ar/blog/2007/05/15/sos_un_fan_de_roxette_si/,http://chaghi.com.ar/blog/posts/2007/05/15/sos_un_fan_de_roxette_si.html
http://chaghi.com.ar/blog/2008/11/01/el_extranio_mundo_de_jack_3d/,http://chaghi.com.ar/blog/posts/2008/11/01/el_extranio_mundo_de_jack_3d.html
http://chaghi.com.ar/blog/2011/09/28/frases-de-la-infancia/,http://chaghi.com.ar/blog/posts/2011/09/28/frases-de-la-infancia.html
http://chaghi.com.ar/blog/2006/02/14/novell_presento_xgl_y_compiz/,http://chaghi.com.ar/blog/posts/2006/02/14/novell_presento_xgl_y_compiz.html
http://chaghi.com.ar/blog/2007/05/29/todavia_puedo_hablar_sueco/,http://chaghi.com.ar/blog/posts/2007/05/29/todavia_puedo_hablar_sueco.html
http://chaghi.com.ar/blog/2005/09/10/travesia_de_las_dos_cumbres/,http://chaghi.com.ar/blog/posts/2005/09/10/travesia_de_las_dos_cumbres.html
http://chaghi.com.ar/blog/2013/07/28/nuevos-soles/,http://chaghi.com.ar/blog/posts/2013/07/28/nuevos-soles.html
http://chaghi.com.ar/blog/2007/11/13/extendiendo_trac/,http://chaghi.com.ar/blog/posts/2007/11/13/extendiendo_trac.html
http://chaghi.com.ar/blog/2007/10/30/back_to_pidgin/,http://chaghi.com.ar/blog/posts/2007/10/30/back_to_pidgin.html
http://chaghi.com.ar/blog/2005/11/30/firefox_15/,http://chaghi.com.ar/blog/posts/2005/11/30/firefox_15.html
http://chaghi.com.ar/blog/2006/06/03/fotos_del_viaje_a_europa/,http://chaghi.com.ar/blog/posts/2006/06/03/fotos_del_viaje_a_europa.html
http://chaghi.com.ar/blog/2011/01/29/en_la_cordillera_del_viento/,http://chaghi.com.ar/blog/posts/2011/01/29/en_la_cordillera_del_viento.html
http://chaghi.com.ar/blog/2005/04/06/actualizando_plog/,http://chaghi.com.ar/blog/posts/2005/04/06/actualizando_plog.html
http://chaghi.com.ar/blog/2005/05/04/maldito_marketing/,http://chaghi.com.ar/blog/posts/2005/05/04/maldito_marketing.html
http://chaghi.com.ar/blog/2011/03/26/amigando-al-blog-con-los-celulares/,http://chaghi.com.ar/blog/posts/2011/03/26/amigando-al-blog-con-los-celulares.html
http://chaghi.com.ar/blog/2005/12/22/y_siguen_los_encuentros/,http://chaghi.com.ar/blog/posts/2005/12/22/y_siguen_los_encuentros.html
http://chaghi.com.ar/blog/2011/02/05/799/,http://chaghi.com.ar/blog/stories/2011/02/05/799.html
http://chaghi.com.ar/blog/2007/05/06/mama/,http://chaghi.com.ar/blog/posts/2007/05/06/mama.html
http://chaghi.com.ar/blog/2008/07/14/bienvenida_pia/,http://chaghi.com.ar/blog/posts/2008/07/14/bienvenida_pia.html
http://chaghi.com.ar/blog/2005/09/25/definiciones/,http://chaghi.com.ar/blog/posts/2005/09/25/definiciones.html
http://chaghi.com.ar/blog/2011/03/01/acentuame-el-sms/,http://chaghi.com.ar/blog/posts/2011/03/01/acentuame-el-sms.html
http://chaghi.com.ar/blog/2006/11/02/php/,http://chaghi.com.ar/blog/posts/2006/11/02/php.html
http://chaghi.com.ar/blog/2007/07/05/mas_fotos_en_flickr/,http://chaghi.com.ar/blog/posts/2007/07/05/mas_fotos_en_flickr.html
http://chaghi.com.ar/blog/2007/03/09/cervezeada-en-buller/,http://chaghi.com.ar/blog/posts/2007/03/09/cervezeada-en-buller.html
http://chaghi.com.ar/blog/2005/05/02/un_poco_de_cine/,http://chaghi.com.ar/blog/posts/2005/05/02/un_poco_de_cine.html
http://chaghi.com.ar/blog/2006/04/12/la_era_de_hielo_2/,http://chaghi.com.ar/blog/posts/2006/04/12/la_era_de_hielo_2.html
http://chaghi.com.ar/blog/2009/02/04/mh_hace_mucho_que_no_hablamos_de_libros/,http://chaghi.com.ar/blog/posts/2009/02/04/mh_hace_mucho_que_no_hablamos_de_libros.html
http://chaghi.com.ar/blog/2006/04/18/y_seguimos_con_dattatec/,http://chaghi.com.ar/blog/posts/2006/04/18/y_seguimos_con_dattatec.html
http://chaghi.com.ar/blog/2008/07/14/quien_entiende_a_emi_argentina/,http://chaghi.com.ar/blog/posts/2008/07/14/quien_entiende_a_emi_argentina.html
http://chaghi.com.ar/blog/2011/03/27/volviendo-a-twenty-ten/,http://chaghi.com.ar/blog/posts/2011/03/27/volviendo-a-twenty-ten.html
http://chaghi.com.ar/blog/2007/01/21/pingo-argentino/,http://chaghi.com.ar/blog/posts/2007/01/21/pingo-argentino.html
http://chaghi.com.ar/blog/2005/12/07/marie_en_vivo_otra_vez/,http://chaghi.com.ar/blog/posts/2005/12/07/marie_en_vivo_otra_vez.html
http://chaghi.com.ar/blog/2008/07/07/el_fin_de_los_tiempos/,http://chaghi.com.ar/blog/posts/2008/07/07/el_fin_de_los_tiempos.html
http://chaghi.com.ar/blog/2007/12/10/y_se_caso_seba/,http://chaghi.com.ar/blog/posts/2007/12/10/y_se_caso_seba.html
http://chaghi.com.ar/blog/2007/07/09/nieve_en_buenos_aires/,http://chaghi.com.ar/blog/posts/2007/07/09/nieve_en_buenos_aires.html
http://chaghi.com.ar/blog/2009/04/05/una_semana_en_mdq/,http://chaghi.com.ar/blog/posts/2009/04/05/una_semana_en_mdq.html
http://chaghi.com.ar/blog/2007/07/09/cena_con_amigos_y_shrek_tercero/,http://chaghi.com.ar/blog/posts/2007/07/09/cena_con_amigos_y_shrek_tercero.html
http://chaghi.com.ar/blog/2009/06/28/cine_mucho/,http://chaghi.com.ar/blog/posts/2009/06/28/cine_mucho.html
http://chaghi.com.ar/blog/2006/07/22/piratas_del_caribe_-_el_cofre_del_hombre_muerto/,http://chaghi.com.ar/blog/posts/2006/07/22/piratas_del_caribe_-_el_cofre_del_hombre_muerto.html
http://chaghi.com.ar/blog/2007/03/18/fin-de-semana-a-full/,http://chaghi.com.ar/blog/posts/2007/03/18/fin-de-semana-a-full.html
http://chaghi.com.ar/blog/2005/04/13/chaghi_en_technicolor/,http://chaghi.com.ar/blog/posts/2005/04/13/chaghi_en_technicolor.html
http://chaghi.com.ar/blog/2005/07/26/lunes_sobrenaturales/,http://chaghi.com.ar/blog/posts/2005/07/26/lunes_sobrenaturales.html
http://chaghi.com.ar/blog/2005/10/22/tim_burton_did_it_again/,http://chaghi.com.ar/blog/posts/2005/10/22/tim_burton_did_it_again.html
http://chaghi.com.ar/blog/2005/12/31/pasajes/,http://chaghi.com.ar/blog/posts/2005/12/31/pasajes.html
http://chaghi.com.ar/blog/2009/04/25/ubuntu_9-04_-_jaunty_jackalope/,http://chaghi.com.ar/blog/posts/2009/04/25/ubuntu_9-04_-_jaunty_jackalope.html
http://chaghi.com.ar/blog/2011/11/30/movistar-si-no-te-quejas-plin-caja/,http://chaghi.com.ar/blog/posts/2011/11/30/movistar-si-no-te-quejas-plin-caja.html
http://chaghi.com.ar/blog/2006/09/12/one_wish/,http://chaghi.com.ar/blog/posts/2006/09/12/one_wish.html
http://chaghi.com.ar/blog/2011/04/15/amigos-lejanos/,http://chaghi.com.ar/blog/posts/2011/04/15/amigos-lejanos.html
http://chaghi.com.ar/blog/2005/09/04/de_cine_generadores_de_codigo_y_compaeros_de_aventuras/,http://chaghi.com.ar/blog/posts/2005/09/04/de_cine_generadores_de_codigo_y_compaeros_de_aventuras.html
http://chaghi.com.ar/blog/2010/02/23/un_poco_de_post-procesamiento_digital/,http://chaghi.com.ar/blog/posts/2010/02/23/un_poco_de_post-procesamiento_digital.html
http://chaghi.com.ar/blog/2007/05/01/v-for-vendetta/,http://chaghi.com.ar/blog/posts/2007/05/01/v-for-vendetta.html
http://chaghi.com.ar/blog/2010/05/29/vallecitos_2010/,http://chaghi.com.ar/blog/posts/2010/05/29/vallecitos_2010.html
http://chaghi.com.ar/blog/2007/02/13/apocalypto/,http://chaghi.com.ar/blog/posts/2007/02/13/apocalypto.html
http://chaghi.com.ar/blog/2005/10/22/probando_beagle/,http://chaghi.com.ar/blog/posts/2005/10/22/probando_beagle.html
http://chaghi.com.ar/blog/2007/07/16/bloqueo_auriculo_ventricular/,http://chaghi.com.ar/blog/posts/2007/07/16/bloqueo_auriculo_ventricular.html
http://chaghi.com.ar/blog/2009/02/06/por_el_poder_de_google/,http://chaghi.com.ar/blog/posts/2009/02/06/por_el_poder_de_google.html
http://chaghi.com.ar/blog/2008/06/01/lost_final_cuarta_temporada/,http://chaghi.com.ar/blog/posts/2008/06/01/lost_final_cuarta_temporada.html
http://chaghi.com.ar/blog/2007/07/29/hometown/,http://chaghi.com.ar/blog/posts/2007/07/29/hometown.html
http://chaghi.com.ar/blog/2011/11/03/hielos/,http://chaghi.com.ar/blog/posts/2011/11/03/hielos.html
http://chaghi.com.ar/blog/2009/04/13/synergy/,http://chaghi.com.ar/blog/posts/2009/04/13/synergy.html
http://chaghi.com.ar/blog/2006/10/11/que_pasa_que_no_pasa_nada/,http://chaghi.com.ar/blog/posts/2006/10/11/que_pasa_que_no_pasa_nada.html
http://chaghi.com.ar/blog/2007/10/21/gracias_totales/,http://chaghi.com.ar/blog/posts/2007/10/21/gracias_totales.html
http://chaghi.com.ar/blog/2005/03/09/patentes_de_software_en_europa/,http://chaghi.com.ar/blog/posts/2005/03/09/patentes_de_software_en_europa.html
http://chaghi.com.ar/blog/2007/04/10/senderos-del-aconquija-2007/,http://chaghi.com.ar/blog/posts/2007/04/10/senderos-del-aconquija-2007.html
http://chaghi.com.ar/blog/2011/02/11/chau-nokia/,http://chaghi.com.ar/blog/posts/2011/02/11/chau-nokia.html
http://chaghi.com.ar/blog/2008/02/10/haciendo_que_ubuntu_7-10_se_despierte_bien/,http://chaghi.com.ar/blog/posts/2008/02/10/haciendo_que_ubuntu_7-10_se_despierte_bien.html
http://chaghi.com.ar/blog/2009/04/10/musica_en_espera/,http://chaghi.com.ar/blog/posts/2009/04/10/musica_en_espera.html
http://chaghi.com.ar/blog/2011/02/25/ascensores-esas-maquinas-diabolicas/,http://chaghi.com.ar/blog/posts/2011/02/25/ascensores-esas-maquinas-diabolicas.html
http://chaghi.com.ar/blog/2006/12/01/mientras-escribo/,http://chaghi.com.ar/blog/posts/2006/12/01/mientras-escribo.html
http://chaghi.com.ar/blog/2009/04/06/hay_tabla/,http://chaghi.com.ar/blog/posts/2009/04/06/hay_tabla.html
http://chaghi.com.ar/blog/2011/07/03/cine-primer-semestre-2011/,http://chaghi.com.ar/blog/posts/2011/07/03/cine-primer-semestre-2011.html
http://chaghi.com.ar/blog/2006/08/17/tenemos_que_navegar_con_lo_que_los_extraterrestres_nos_digan_/,http://chaghi.com.ar/blog/posts/2006/08/17/tenemos_que_navegar_con_lo_que_los_extraterrestres_nos_digan_.html
http://chaghi.com.ar/blog/2007/01/10/cell/,http://chaghi.com.ar/blog/posts/2007/01/10/cell.html
http://chaghi.com.ar/blog/2006/12/20/d-a-de-campo/,http://chaghi.com.ar/blog/posts/2006/12/20/d-a-de-campo.html
http://chaghi.com.ar/blog/2011/10/13/y-se-fue-otra-temporada-de-breaking-bad/,http://chaghi.com.ar/blog/posts/2011/10/13/y-se-fue-otra-temporada-de-breaking-bad.html
http://chaghi.com.ar/blog/2005/10/14/historias_de_terramar/,http://chaghi.com.ar/blog/posts/2005/10/14/historias_de_terramar.html
http://chaghi.com.ar/blog/2006/03/03/u2_en_buenos_aires/,http://chaghi.com.ar/blog/posts/2006/03/03/u2_en_buenos_aires.html
http://chaghi.com.ar/blog/2006/12/04/fede-de-visita/,http://chaghi.com.ar/blog/posts/2006/12/04/fede-de-visita.html
http://chaghi.com.ar/blog/2005/08/28/coincidencias/,http://chaghi.com.ar/blog/posts/2005/08/28/coincidencias.html
http://chaghi.com.ar/blog/2008/02/14/buller_implementamos/,http://chaghi.com.ar/blog/posts/2008/02/14/buller_implementamos.html
http://chaghi.com.ar/blog/2007/01/15/una-casa-junto-al-mar/,http://chaghi.com.ar/blog/posts/2007/01/15/una-casa-junto-al-mar.html
http://chaghi.com.ar/blog/2008/07/04/superagente_86/,http://chaghi.com.ar/blog/posts/2008/07/04/superagente_86.html
http://chaghi.com.ar/blog/2005/09/12/nuevo_album_de_per_gessle_en_noviembre/,http://chaghi.com.ar/blog/posts/2005/09/12/nuevo_album_de_per_gessle_en_noviembre.html
http://chaghi.com.ar/blog/politica-de-privacidad/,http://chaghi.com.ar/blog/stories/politica-de-privacidad.html
http://chaghi.com.ar/blog/2004/08/05/decoradores_de_python_a_ardalambion_pasando_por_klington/,http://chaghi.com.ar/blog/posts/2004/08/05/decoradores_de_python_a_ardalambion_pasando_por_klington.html
http://chaghi.com.ar/blog/2011/12/14/falta-cada-vez-menos/,http://chaghi.com.ar/blog/posts/2011/12/14/falta-cada-vez-menos.html
http://chaghi.com.ar/blog/2008/08/23/8jrsl/,http://chaghi.com.ar/blog/posts/2008/08/23/8jrsl.html
http://chaghi.com.ar/blog/2011/09/03/de-iruya-a-nazareno/,http://chaghi.com.ar/blog/posts/2011/09/03/de-iruya-a-nazareno.html
http://chaghi.com.ar/blog/2011/08/02/mostaceros-ahora-tambien-en-retiro/,http://chaghi.com.ar/blog/posts/2011/08/02/mostaceros-ahora-tambien-en-retiro.html
http://chaghi.com.ar/blog/2006/11/19/casi/,http://chaghi.com.ar/blog/posts/2006/11/19/casi.html
http://chaghi.com.ar/blog/2008/03/28/del_otro_lado/,http://chaghi.com.ar/blog/posts/2008/03/28/del_otro_lado.html
http://chaghi.com.ar/blog/2007/05/08/minu_esta_muy_enferma/,http://chaghi.com.ar/blog/posts/2007/05/08/minu_esta_muy_enferma.html
http://chaghi.com.ar/blog/2006/09/11/y_seguimos_con_el_cine/,http://chaghi.com.ar/blog/posts/2006/09/11/y_seguimos_con_el_cine.html
http://chaghi.com.ar/blog/2007/04/24/ubuntu-7-04-feisty-fawn/,http://chaghi.com.ar/blog/posts/2007/04/24/ubuntu-7-04-feisty-fawn.html
http://chaghi.com.ar/blog/2007/03/22/qui-n-dice-que-es-f-cil/,http://chaghi.com.ar/blog/posts/2007/03/22/qui-n-dice-que-es-f-cil.html
http://chaghi.com.ar/blog/2006/12/14/fiesta-20-anios-roxette-en-bs-as/,http://chaghi.com.ar/blog/posts/2006/12/14/fiesta-20-anios-roxette-en-bs-as.html
http://chaghi.com.ar/blog/2006/04/13/dattatec_una_mas_y_van/,http://chaghi.com.ar/blog/posts/2006/04/13/dattatec_una_mas_y_van.html
http://chaghi.com.ar/blog/2008/05/31/creando_playlists_para_el_nokia_6131_desde_linux/,http://chaghi.com.ar/blog/posts/2008/05/31/creando_playlists_para_el_nokia_6131_desde_linux.html
http://chaghi.com.ar/blog/2006/05/25/segovia_y_barcelona/,http://chaghi.com.ar/blog/posts/2006/05/25/segovia_y_barcelona.html
http://chaghi.com.ar/blog/2008/05/26/el_mundo_segun_gessle_2008/,http://chaghi.com.ar/blog/posts/2008/05/26/el_mundo_segun_gessle_2008.html
http://chaghi.com.ar/blog/2010/09/19/dell_studio_14_-_laptop_nueva/,http://chaghi.com.ar/blog/posts/2010/09/19/dell_studio_14_-_laptop_nueva.html
http://chaghi.com.ar/blog/about/,http://chaghi.com.ar/blog/stories/about.html
http://chaghi.com.ar/blog/2005/09/26/los_premios_mastropiero_y_paseo_por_el_bajo/,http://chaghi.com.ar/blog/posts/2005/09/26/los_premios_mastropiero_y_paseo_por_el_bajo.html
http://chaghi.com.ar/blog/2006/02/17/europa_06_itinerario_en_suecia/,http://chaghi.com.ar/blog/posts/2006/02/17/europa_06_itinerario_en_suecia.html
http://chaghi.com.ar/blog/2011/11/06/hielos-ii/,http://chaghi.com.ar/blog/posts/2011/11/06/hielos-ii.html
http://chaghi.com.ar/blog/2006/11/02/nos-mudamos/,http://chaghi.com.ar/blog/posts/2006/11/02/nos-mudamos.html
http://chaghi.com.ar/blog/2004/10/31/el_juego_de_la_vida/,http://chaghi.com.ar/blog/posts/2004/10/31/el_juego_de_la_vida.html
http://chaghi.com.ar/blog/2004/08/02/una_nueva_supercomputadora_de_la_nasa_utilizara_linux/,http://chaghi.com.ar/blog/posts/2004/08/02/una_nueva_supercomputadora_de_la_nasa_utilizara_linux.html
http://chaghi.com.ar/blog/2007/09/30/exoditus_en_python/,http://chaghi.com.ar/blog/posts/2007/09/30/exoditus_en_python.html
http://chaghi.com.ar/blog/2006/03/05/cumple_de_romi/,http://chaghi.com.ar/blog/posts/2006/03/05/cumple_de_romi.html
http://chaghi.com.ar/blog/2006/02/05/munich/,http://chaghi.com.ar/blog/posts/2006/02/05/munich.html
http://chaghi.com.ar/blog/2006/11/26/mente-siniestra/,http://chaghi.com.ar/blog/posts/2006/11/26/mente-siniestra.html
http://chaghi.com.ar/blog/2007/06/07/que_linda_es_buenos_aires/,http://chaghi.com.ar/blog/posts/2007/06/07/que_linda_es_buenos_aires.html
http://chaghi.com.ar/blog/2008/01/26/a_partir_de_ahora_los_comentarios_est_n_moderados/,http://chaghi.com.ar/blog/posts/2008/01/26/a_partir_de_ahora_los_comentarios_est_n_moderados.html
http://chaghi.com.ar/blog/2008/02/28/sweeney_todd_el_barbero_demoniaco/,http://chaghi.com.ar/blog/posts/2008/02/28/sweeney_todd_el_barbero_demoniaco.html
http://chaghi.com.ar/blog/2007/01/02/a-o-nuevo-reencuentro-con-pablo-denise-y-santi/,http://chaghi.com.ar/blog/posts/2007/01/02/a-o-nuevo-reencuentro-con-pablo-denise-y-santi.html
http://chaghi.com.ar/blog/2007/05/23/mundo_virtual/,http://chaghi.com.ar/blog/posts/2007/05/23/mundo_virtual.html
http://chaghi.com.ar/blog/2007/03/04/carnavales-norte-os-2007/,http://chaghi.com.ar/blog/posts/2007/03/04/carnavales-norte-os-2007.html
http://chaghi.com.ar/blog/2007/07/10/brazil/,http://chaghi.com.ar/blog/posts/2007/07/10/brazil.html
http://chaghi.com.ar/blog/2008/04/26/ubuntu_8-04/,http://chaghi.com.ar/blog/posts/2008/04/26/ubuntu_8-04.html
http://chaghi.com.ar/blog/2007/07/26/transformers/,http://chaghi.com.ar/blog/posts/2007/07/26/transformers.html
http://chaghi.com.ar/blog/2005/11/05/mas_terramar_y_tiempo_de_valientes/,http://chaghi.com.ar/blog/posts/2005/11/05/mas_terramar_y_tiempo_de_valientes.html
http://chaghi.com.ar/blog/2006/07/23/dia_del_amigo_2006/,http://chaghi.com.ar/blog/posts/2006/07/23/dia_del_amigo_2006.html
http://chaghi.com.ar/blog/2005/09/24/vidas_cruzadas/,http://chaghi.com.ar/blog/posts/2005/09/24/vidas_cruzadas.html
http://chaghi.com.ar/blog/2007/05/27/los_hijos_de_hurin/,http://chaghi.com.ar/blog/posts/2007/05/27/los_hijos_de_hurin.html
http://chaghi.com.ar/blog/2007/07/08/no_mas_dual_boot_chau_windows/,http://chaghi.com.ar/blog/posts/2007/07/08/no_mas_dual_boot_chau_windows.html
http://chaghi.com.ar/blog/2007/07/01/album_migrado_a_flickr/,http://chaghi.com.ar/blog/posts/2007/07/01/album_migrado_a_flickr.html
http://chaghi.com.ar/blog/2005/01/06/de_vacaciones/,http://chaghi.com.ar/blog/posts/2005/01/06/de_vacaciones.html
http://chaghi.com.ar/blog/2006/12/07/el-gran-truco/,http://chaghi.com.ar/blog/posts/2006/12/07/el-gran-truco.html
http://chaghi.com.ar/blog/2012/01/22/el-chalten/,http://chaghi.com.ar/blog/posts/2012/01/22/el-chalten.html
http://chaghi.com.ar/blog/2011/10/12/raining-out/,http://chaghi.com.ar/blog/posts/2011/10/12/raining-out.html
http://chaghi.com.ar/blog/2007/10/18/dos_cumples_dos_que_debieron_ser_tres/,http://chaghi.com.ar/blog/posts/2007/10/18/dos_cumples_dos_que_debieron_ser_tres.html
http://chaghi.com.ar/blog/2006/06/24/breves/,http://chaghi.com.ar/blog/posts/2006/06/24/breves.html
http://chaghi.com.ar/blog/2006/06/26/alocado_alocador/,http://chaghi.com.ar/blog/posts/2006/06/26/alocado_alocador.html
http://chaghi.com.ar/blog/2008/01/21/fiaca_en_bariloche/,http://chaghi.com.ar/blog/posts/2008/01/21/fiaca_en_bariloche.html
http://chaghi.com.ar/blog/2010/08/01/humahuaca_valle_grande_julio2010/,http://chaghi.com.ar/blog/posts/2010/08/01/humahuaca_valle_grande_julio2010.html
http://chaghi.com.ar/blog/2012/01/01/el-viejo-escritorio/,http://chaghi.com.ar/blog/posts/2012/01/01/el-viejo-escritorio.html
http://chaghi.com.ar/blog/2006/05/26/granada_y_la_alhambra/,http://chaghi.com.ar/blog/posts/2006/05/26/granada_y_la_alhambra.html
http://chaghi.com.ar/blog/2005/05/30/episodio_iii/,http://chaghi.com.ar/blog/posts/2005/05/30/episodio_iii.html
http://chaghi.com.ar/blog/2006/01/07/cronicas_de_narnia/,http://chaghi.com.ar/blog/posts/2006/01/07/cronicas_de_narnia.html
http://chaghi.com.ar/blog/2006/05/11/usando_una_imac_en_dinamarca/,http://chaghi.com.ar/blog/posts/2006/05/11/usando_una_imac_en_dinamarca.html
http://chaghi.com.ar/blog/2007/01/12/encuentro-casual/,http://chaghi.com.ar/blog/posts/2007/01/12/encuentro-casual.html
http://chaghi.com.ar/blog/2011/07/16/deshabilitar-el-chat-de-facebook-pero-de-verdad-en-serio/,http://chaghi.com.ar/blog/posts/2011/07/16/deshabilitar-el-chat-de-facebook-pero-de-verdad-en-serio.html
http://chaghi.com.ar/blog/2011/10/13/gracias-dennis/,http://chaghi.com.ar/blog/posts/2011/10/13/gracias-dennis.html
http://chaghi.com.ar/blog/2005/10/13/fin_de_semana_largo/,http://chaghi.com.ar/blog/posts/2005/10/13/fin_de_semana_largo.html
http://chaghi.com.ar/blog/2006/05/14/hejda_sverige/,http://chaghi.com.ar/blog/posts/2006/05/14/hejda_sverige.html
http://chaghi.com.ar/blog/2011/02/10/de-colonia-suiza-a-mascardi/,http://chaghi.com.ar/blog/posts/2011/02/10/de-colonia-suiza-a-mascardi.html
http://chaghi.com.ar/blog/2011/02/08/roxette-reloaded/,http://chaghi.com.ar/blog/posts/2011/02/08/roxette-reloaded.html
http://chaghi.com.ar/blog/2005/02/17/marchando_hacia_un_mundo_estandar/,http://chaghi.com.ar/blog/posts/2005/02/17/marchando_hacia_un_mundo_estandar.html
http://chaghi.com.ar/blog/2007/11/20/att_vara_per_gessle/,http://chaghi.com.ar/blog/posts/2007/11/20/att_vara_per_gessle.html
http://chaghi.com.ar/blog/2009/01/26/trekking_desde_rio_azul_a_encanto_blanco/,http://chaghi.com.ar/blog/posts/2009/01/26/trekking_desde_rio_azul_a_encanto_blanco.html
http://chaghi.com.ar/blog/2009/11/24/from_a_buick_8/,http://chaghi.com.ar/blog/posts/2009/11/24/from_a_buick_8.html
http://chaghi.com.ar/blog/2006/07/03/spielberg_sin_efectos_especiales/,http://chaghi.com.ar/blog/posts/2006/07/03/spielberg_sin_efectos_especiales.html
http://chaghi.com.ar/blog/2014/04/24/george-r-r-martin-y-el-poder/,http://chaghi.com.ar/blog/posts/2014/04/24/george-r-r-martin-y-el-poder.html
http://chaghi.com.ar/blog/2004/09/26/marie_fredriksson_reloaded/,http://chaghi.com.ar/blog/posts/2004/09/26/marie_fredriksson_reloaded.html
http://chaghi.com.ar/blog/2005/10/03/la_saga_de_los_confines/,http://chaghi.com.ar/blog/posts/2005/10/03/la_saga_de_los_confines.html
http://chaghi.com.ar/blog/2007/03/26/rasqueteada-asado-y-otra-vez-asado/,http://chaghi.com.ar/blog/posts/2007/03/26/rasqueteada-asado-y-otra-vez-asado.html
http://chaghi.com.ar/blog/2007/08/22/dolores_oriordan_en_buenos_aires/,http://chaghi.com.ar/blog/posts/2007/08/22/dolores_oriordan_en_buenos_aires.html
http://chaghi.com.ar/blog/2009/04/19/band_of_brothers/,http://chaghi.com.ar/blog/posts/2009/04/19/band_of_brothers.html
http://chaghi.com.ar/blog/2011/01/27/review_de_cine_atrasado_de_2010/,http://chaghi.com.ar/blog/posts/2011/01/27/review_de_cine_atrasado_de_2010.html
http://chaghi.com.ar/blog/2006/06/13/panoramicas/,http://chaghi.com.ar/blog/posts/2006/06/13/panoramicas.html
http://chaghi.com.ar/blog/2006/12/14/buscando-laptop-ii/,http://chaghi.com.ar/blog/posts/2006/12/14/buscando-laptop-ii.html
http://chaghi.com.ar/blog/2007/02/04/the-editing-room/,http://chaghi.com.ar/blog/posts/2007/02/04/the-editing-room.html
http://chaghi.com.ar/blog/2004/11/09/firefox_10_esta_aqui/,http://chaghi.com.ar/blog/posts/2004/11/09/firefox_10_esta_aqui.html
http://chaghi.com.ar/blog/2012/05/27/argentina-ese-pais-que-no-fue/,http://chaghi.com.ar/blog/posts/2012/05/27/argentina-ese-pais-que-no-fue.html
http://chaghi.com.ar/blog/2011/04/10/ive-been-a-joyrider-three-times/,http://chaghi.com.ar/blog/posts/2011/04/10/ive-been-a-joyrider-three-times.html
http://chaghi.com.ar/blog/2006/11/08/torneo-copa-kai-men/,http://chaghi.com.ar/blog/posts/2006/11/08/torneo-copa-kai-men.html
http://chaghi.com.ar/blog/2012/03/22/1322/,http://chaghi.com.ar/blog/posts/2012/03/22/1322.html
http://chaghi.com.ar/blog/2008/06/16/marcapasos_modelo_2008/,http://chaghi.com.ar/blog/posts/2008/06/16/marcapasos_modelo_2008.html
http://chaghi.com.ar/blog/2006/10/28/pyar_ya_tiene_bandera/,http://chaghi.com.ar/blog/posts/2006/10/28/pyar_ya_tiene_bandera.html
http://chaghi.com.ar/blog/2005/03/18/todo_cambia_todo_se_termina/,http://chaghi.com.ar/blog/posts/2005/03/18/todo_cambia_todo_se_termina.html
http://chaghi.com.ar/blog/2006/12/10/buscando-laptop/,http://chaghi.com.ar/blog/posts/2006/12/10/buscando-laptop.html
http://chaghi.com.ar/blog/2010/04/13/conexiones_paranormales/,http://chaghi.com.ar/blog/posts/2010/04/13/conexiones_paranormales.html
http://chaghi.com.ar/blog/2004/12/10/pyar_-_python_argentina_va_tomando_forma/,http://chaghi.com.ar/blog/posts/2004/12/10/pyar_-_python_argentina_va_tomando_forma.html
http://chaghi.com.ar/blog/2012/01/02/fe-y-violencia/,http://chaghi.com.ar/blog/posts/2012/01/02/fe-y-violencia.html
http://chaghi.com.ar/blog/2006/12/21/buscando-laptop-iii/,http://chaghi.com.ar/blog/posts/2006/12/21/buscando-laptop-iii.html
http://chaghi.com.ar/blog/2009/11/22/charly_en_velez/,http://chaghi.com.ar/blog/posts/2009/11/22/charly_en_velez.html
http://chaghi.com.ar/blog/2005/04/09/nuevo_plog_nuevo_look/,http://chaghi.com.ar/blog/posts/2005/04/09/nuevo_plog_nuevo_look.html
http://chaghi.com.ar/blog/2009/11/26/series_al_por_mayor/,http://chaghi.com.ar/blog/posts/2009/11/26/series_al_por_mayor.html
http://chaghi.com.ar/blog/2008/10/12/nuevas_temporadas_una_buena_y_una_mala/,http://chaghi.com.ar/blog/posts/2008/10/12/nuevas_temporadas_una_buena_y_una_mala.html
http://chaghi.com.ar/blog/2011/02/07/the-lord-of-the-rings-la-maraton/,http://chaghi.com.ar/blog/posts/2011/02/07/the-lord-of-the-rings-la-maraton.html
http://chaghi.com.ar/blog/2005/10/29/plan_de_vuelo/,http://chaghi.com.ar/blog/posts/2005/10/29/plan_de_vuelo.html
http://chaghi.com.ar/blog/2007/09/04/iso_voto_en_contra_de_open_xml/,http://chaghi.com.ar/blog/posts/2007/09/04/iso_voto_en_contra_de_open_xml.html
http://chaghi.com.ar/blog/2005/12/19/tigre_-_camping_aca/,http://chaghi.com.ar/blog/posts/2005/12/19/tigre_-_camping_aca.html
http://chaghi.com.ar/blog/2008/10/10/el_neocube/,http://chaghi.com.ar/blog/posts/2008/10/10/el_neocube.html
http://chaghi.com.ar/blog/2008/02/12/antes_de_partir/,http://chaghi.com.ar/blog/posts/2008/02/12/antes_de_partir.html
http://chaghi.com.ar/blog/2010/03/30/conservantes/,http://chaghi.com.ar/blog/posts/2010/03/30/conservantes.html
http://chaghi.com.ar/blog/2005/07/04/scary/,http://chaghi.com.ar/blog/posts/2005/07/04/scary.html
http://chaghi.com.ar/blog/2007/07/24/50_opciones_de_suicidio/,http://chaghi.com.ar/blog/posts/2007/07/24/50_opciones_de_suicidio.html
http://chaghi.com.ar/blog/2007/05/10/el_primer_profesional_de_it/,http://chaghi.com.ar/blog/posts/2007/05/10/el_primer_profesional_de_it.html
http://chaghi.com.ar/blog/2012/08/21/a-song-of-ice-and-fire-una-de-cal-otra-de-arena/,http://chaghi.com.ar/blog/posts/2012/08/21/a-song-of-ice-and-fire-una-de-cal-otra-de-arena.html
http://chaghi.com.ar/blog/2011/12/29/gorillapod/,http://chaghi.com.ar/blog/posts/2011/12/29/gorillapod.html
http://chaghi.com.ar/blog/2009/03/01/un_poco_de_cine-2/,http://chaghi.com.ar/blog/posts/2009/03/01/un_poco_de_cine-2.html
http://chaghi.com.ar/blog/2008/05/01/nokia_6131_mini-review/,http://chaghi.com.ar/blog/posts/2008/05/01/nokia_6131_mini-review.html
http://chaghi.com.ar/blog/2006/03/25/chau_fedora_hola_ubuntu/,http://chaghi.com.ar/blog/posts/2006/03/25/chau_fedora_hola_ubuntu.html
http://chaghi.com.ar/blog/2005/09/25/festejo_y_despedida/,http://chaghi.com.ar/blog/posts/2005/09/25/festejo_y_despedida.html
http://chaghi.com.ar/blog/2005/11/13/entre_amigos/,http://chaghi.com.ar/blog/posts/2005/11/13/entre_amigos.html
http://chaghi.com.ar/blog/2005/12/10/creep/,http://chaghi.com.ar/blog/posts/2005/12/10/creep.html
http://chaghi.com.ar/blog/2005/11/16/el_regreso_de_los_muertos_vivos/,http://chaghi.com.ar/blog/posts/2005/11/16/el_regreso_de_los_muertos_vivos.html
http://chaghi.com.ar/blog/2007/02/14/f-delsedag/,http://chaghi.com.ar/blog/posts/2007/02/14/f-delsedag.html
http://chaghi.com.ar/blog/2007/07/01/pizzeada_en_lo_de_romi/,http://chaghi.com.ar/blog/posts/2007/07/01/pizzeada_en_lo_de_romi.html
http://chaghi.com.ar/blog/2007/07/18/joyita_pre-roxette/,http://chaghi.com.ar/blog/posts/2007/07/18/joyita_pre-roxette.html
http://chaghi.com.ar/blog/2006/11/04/puliendo-detalles/,http://chaghi.com.ar/blog/posts/2006/11/04/puliendo-detalles.html
http://chaghi.com.ar/blog/2006/09/09/agresti_en_hollywood_-_la_casa_del_lago/,http://chaghi.com.ar/blog/posts/2006/09/09/agresti_en_hollywood_-_la_casa_del_lago.html
http://chaghi.com.ar/blog/2009/03/14/valkyrie_doubt_watchmen/,http://chaghi.com.ar/blog/posts/2009/03/14/valkyrie_doubt_watchmen.html
http://chaghi.com.ar/blog/2008/05/25/meteoro/,http://chaghi.com.ar/blog/posts/2008/05/25/meteoro.html
http://chaghi.com.ar/blog/2007/04/30/la-muerte-de-un-viajante/,http://chaghi.com.ar/blog/posts/2007/04/30/la-muerte-de-un-viajante.html
http://chaghi.com.ar/blog/2006/02/11/sigefi_otra_vez/,http://chaghi.com.ar/blog/posts/2006/02/11/sigefi_otra_vez.html
http://chaghi.com.ar/blog/2011/12/19/puedo-leer-en-el-celular-si-puedo/,http://chaghi.com.ar/blog/posts/2011/12/19/puedo-leer-en-el-celular-si-puedo.html
http://chaghi.com.ar/blog/2007/05/28/piratas_del_caribe_en_el_fin_del_mundo/,http://chaghi.com.ar/blog/posts/2007/05/28/piratas_del_caribe_en_el_fin_del_mundo.html
http://chaghi.com.ar/blog/2004/11/27/magia_negra_con_el_regedit/,http://chaghi.com.ar/blog/posts/2004/11/27/magia_negra_con_el_regedit.html
http://chaghi.com.ar/blog/2006/08/13/de_cumpleaos/,http://chaghi.com.ar/blog/posts/2006/08/13/de_cumpleaos.html
http://chaghi.com.ar/blog/2007/11/14/desventuras_de_un_ex_bnl_en_el_hsbc/,http://chaghi.com.ar/blog/posts/2007/11/14/desventuras_de_un_ex_bnl_en_el_hsbc.html
http://chaghi.com.ar/blog/2011/10/06/mar-del-plata/,http://chaghi.com.ar/blog/posts/2011/10/06/mar-del-plata.html
http://chaghi.com.ar/blog/2006/05/17/por_madrid_otra_vez/,http://chaghi.com.ar/blog/posts/2006/05/17/por_madrid_otra_vez.html
http://chaghi.com.ar/blog/2013/07/28/otra-america/,http://chaghi.com.ar/blog/posts/2013/07/28/otra-america.html
http://chaghi.com.ar/blog/2007/07/01/sion_una_mala/,http://chaghi.com.ar/blog/posts/2007/07/01/sion_una_mala.html
http://chaghi.com.ar/blog/2007/02/04/el-laberinto-del-fauno/,http://chaghi.com.ar/blog/posts/2007/02/04/el-laberinto-del-fauno.html
http://chaghi.com.ar/blog/2005/12/03/una_historia_violenta/,http://chaghi.com.ar/blog/posts/2005/12/03/una_historia_violenta.html
http://chaghi.com.ar/blog/2010/05/02/micro-reviews_de_cine/,http://chaghi.com.ar/blog/posts/2010/05/02/micro-reviews_de_cine.html
http://chaghi.com.ar/blog/2006/08/22/la_ultima_cena/,http://chaghi.com.ar/blog/posts/2006/08/22/la_ultima_cena.html
http://chaghi.com.ar/blog/2009/07/31/travesia_tilcara_calilegua/,http://chaghi.com.ar/blog/posts/2009/07/31/travesia_tilcara_calilegua.html
http://chaghi.com.ar/blog/2012/01/23/viedma/,http://chaghi.com.ar/blog/posts/2012/01/23/viedma.html
http://chaghi.com.ar/blog/2006/11/22/charla-sobre-suecia-y-mini-reportaje-para-svr/,http://chaghi.com.ar/blog/posts/2006/11/22/charla-sobre-suecia-y-mini-reportaje-para-svr.html
http://chaghi.com.ar/blog/2009/05/07/monstruos_aliens_unias_garras/,http://chaghi.com.ar/blog/posts/2009/05/07/monstruos_aliens_unias_garras.html
http://chaghi.com.ar/blog/2007/01/31/d-j-vu/,http://chaghi.com.ar/blog/posts/2007/01/31/d-j-vu.html
http://chaghi.com.ar/blog/2007/05/01/dell-ofrecer-ubuntu-7-04-pre-instalado/,http://chaghi.com.ar/blog/posts/2007/05/01/dell-ofrecer-ubuntu-7-04-pre-instalado.html
http://chaghi.com.ar/blog/2011/02/05/mira-mira-ahora-uso-wordpress/,http://chaghi.com.ar/blog/posts/2011/02/05/mira-mira-ahora-uso-wordpress.html
http://chaghi.com.ar/blog/2013/02/01/comprando-un-kindle-en-amazon-desde-argentina/,http://chaghi.com.ar/blog/posts/2013/02/01/comprando-un-kindle-en-amazon-desde-argentina.html
http://chaghi.com.ar/blog/2008/08/05/suecia_mi_querida_suecia/,http://chaghi.com.ar/blog/posts/2008/08/05/suecia_mi_querida_suecia.html
http://chaghi.com.ar/blog/2004/12/28/cajita_feliz_de_microsoft/,http://chaghi.com.ar/blog/posts/2004/12/28/cajita_feliz_de_microsoft.html
http://chaghi.com.ar/blog/2005/07/08/diganme_licenciado/,http://chaghi.com.ar/blog/posts/2005/07/08/diganme_licenciado.html
http://chaghi.com.ar/blog/2006/11/12/cafeconf-2006-promoviendo-python/,http://chaghi.com.ar/blog/posts/2006/11/12/cafeconf-2006-promoviendo-python.html
http://chaghi.com.ar/blog/2007/01/26/los-desarrolladores-de-evolution-deber-an-leer-el-zen-de-python/,http://chaghi.com.ar/blog/posts/2007/01/26/los-desarrolladores-de-evolution-deber-an-leer-el-zen-de-python.html
http://chaghi.com.ar/blog/2009/09/06/pycon_argentina_2009/,http://chaghi.com.ar/blog/posts/2009/09/06/pycon_argentina_2009.html
http://chaghi.com.ar/blog/2006/12/23/por-qu-todo-en-las-ltimas-dos-semanas-del-a-o/,http://chaghi.com.ar/blog/posts/2006/12/23/por-qu-todo-en-las-ltimas-dos-semanas-del-a-o.html
http://chaghi.com.ar/blog/2007/12/29/beowulf/,http://chaghi.com.ar/blog/posts/2007/12/29/beowulf.html
http://chaghi.com.ar/blog/2006/12/19/cena-con-amigos-de-la-facu/,http://chaghi.com.ar/blog/posts/2006/12/19/cena-con-amigos-de-la-facu.html
http://chaghi.com.ar/blog/2006/12/30/en-casa-de-diana-y-gustavo/,http://chaghi.com.ar/blog/posts/2006/12/30/en-casa-de-diana-y-gustavo.html
http://chaghi.com.ar/blog/2011/05/01/paseando-por-montevideo/,http://chaghi.com.ar/blog/posts/2011/05/01/paseando-por-montevideo.html
http://chaghi.com.ar/blog/2012/03/21/buscando-con-duck-duck-go/,http://chaghi.com.ar/blog/posts/2012/03/21/buscando-con-duck-duck-go.html
http://chaghi.com.ar/blog/2005/09/14/humedad_-_revisited/,http://chaghi.com.ar/blog/posts/2005/09/14/humedad_-_revisited.html
http://chaghi.com.ar/blog/2004/12/20/ingresando_al_mundo_de_la_fotografia_digital/,http://chaghi.com.ar/blog/posts/2004/12/20/ingresando_al_mundo_de_la_fotografia_digital.html
http://chaghi.com.ar/blog/2007/05/03/300/,http://chaghi.com.ar/blog/posts/2007/05/03/300.html
http://chaghi.com.ar/blog/2007/02/08/cuenta-regresiva-para-las-vacaciones/,http://chaghi.com.ar/blog/posts/2007/02/08/cuenta-regresiva-para-las-vacaciones.html
http://chaghi.com.ar/blog/2005/11/13/eurotips_de_quique_y_sil/,http://chaghi.com.ar/blog/posts/2005/11/13/eurotips_de_quique_y_sil.html
http://chaghi.com.ar/blog/2007/08/06/potpurri/,http://chaghi.com.ar/blog/posts/2007/08/06/potpurri.html
http://chaghi.com.ar/blog/2005/09/18/retoques/,http://chaghi.com.ar/blog/posts/2005/09/18/retoques.html
http://chaghi.com.ar/blog/2012/03/10/the-wall/,http://chaghi.com.ar/blog/posts/2012/03/10/the-wall.html
http://chaghi.com.ar/blog/2004/10/25/pyar_-_python_argentina/,http://chaghi.com.ar/blog/posts/2004/10/25/pyar_-_python_argentina.html
http://chaghi.com.ar/blog/2011/07/21/spam-telefonico/,http://chaghi.com.ar/blog/posts/2011/07/21/spam-telefonico.html
http://chaghi.com.ar/blog/2009/12/27/gmail_offlineimap_evolution/,http://chaghi.com.ar/blog/posts/2009/12/27/gmail_offlineimap_evolution.html
http://chaghi.com.ar/blog/2007/06/24/sion_una_buena/,http://chaghi.com.ar/blog/posts/2007/06/24/sion_una_buena.html
http://chaghi.com.ar/blog/2007/03/30/ranarim-en-la-trastienda-club/,http://chaghi.com.ar/blog/posts/2007/03/30/ranarim-en-la-trastienda-club.html
http://chaghi.com.ar/blog/2006/05/05/desde_la_hermosa_estocolmo/,http://chaghi.com.ar/blog/posts/2006/05/05/desde_la_hermosa_estocolmo.html
http://chaghi.com.ar/blog/2010/04/17/por_huellas_comechingones/,http://chaghi.com.ar/blog/posts/2010/04/17/por_huellas_comechingones.html
http://chaghi.com.ar/blog/2006/11/27/hot-joy-homenaje-a-roxette/,http://chaghi.com.ar/blog/posts/2006/11/27/hot-joy-homenaje-a-roxette.html
http://chaghi.com.ar/blog/2007/12/25/crichton_next/,http://chaghi.com.ar/blog/posts/2007/12/25/crichton_next.html
http://chaghi.com.ar/blog/2008/01/20/por_el_valle_del_turbio/,http://chaghi.com.ar/blog/posts/2008/01/20/por_el_valle_del_turbio.html
http://chaghi.com.ar/blog/2006/01/26/migrando_la_pagina_de_pyar_a_moinmoin/,http://chaghi.com.ar/blog/posts/2006/01/26/migrando_la_pagina_de_pyar_a_moinmoin.html
http://chaghi.com.ar/blog/2006/08/19/tercer_caso_de_exito/,http://chaghi.com.ar/blog/posts/2006/08/19/tercer_caso_de_exito.html
http://chaghi.com.ar/blog/2007/11/14/lost/,http://chaghi.com.ar/blog/posts/2007/11/14/lost.html
http://chaghi.com.ar/blog/2007/11/08/bjork_en_buenos_aires/,http://chaghi.com.ar/blog/posts/2007/11/08/bjork_en_buenos_aires.html
http://chaghi.com.ar/blog/2008/10/26/per_gessle_versi_n_retro-pop/,http://chaghi.com.ar/blog/posts/2008/10/26/per_gessle_versi_n_retro-pop.html
http://chaghi.com.ar/blog/2007/09/15/aprendiendo_erlang/,http://chaghi.com.ar/blog/posts/2007/09/15/aprendiendo_erlang.html
http://chaghi.com.ar/blog/2006/09/13/ge_oss_en_bild_av_ditt_stockholm/,http://chaghi.com.ar/blog/posts/2006/09/13/ge_oss_en_bild_av_ditt_stockholm.html
http://chaghi.com.ar/blog/2007/10/07/cafeconf_2007/,http://chaghi.com.ar/blog/posts/2007/10/07/cafeconf_2007.html
http://chaghi.com.ar/blog/2006/01/03/pasajes_capitulo_ii/,http://chaghi.com.ar/blog/posts/2006/01/03/pasajes_capitulo_ii.html
http://chaghi.com.ar/blog/2009/03/21/configurando_wake_on_lan/,http://chaghi.com.ar/blog/posts/2009/03/21/configurando_wake_on_lan.html
http://chaghi.com.ar/blog/2006/05/08/hablenme_en_sueco/,http://chaghi.com.ar/blog/posts/2006/05/08/hablenme_en_sueco.html
http://chaghi.com.ar/blog/2011/05/22/texturas/,http://chaghi.com.ar/blog/posts/2011/05/22/texturas.html
http://chaghi.com.ar/blog/2007/07/26/instalando_un_servidor_xmpp_en_windows/,http://chaghi.com.ar/blog/posts/2007/07/26/instalando_un_servidor_xmpp_en_windows.html
http://chaghi.com.ar/blog/2006/04/25/es_cierto_tenia_una_pagina_en_geocities/,http://chaghi.com.ar/blog/posts/2006/04/25/es_cierto_tenia_una_pagina_en_geocities.html
http://chaghi.com.ar/blog/2007/08/21/el_camino_del_oro_la_carolina_nogoli/,http://chaghi.com.ar/blog/posts/2007/08/21/el_camino_del_oro_la_carolina_nogoli.html
http://chaghi.com.ar/blog/2011/02/19/speak-to-me/,http://chaghi.com.ar/blog/posts/2011/02/19/speak-to-me.html
http://chaghi.com.ar/blog/2009/03/25/peter_gabriel_en_buenos_aires_-_small_place_tour_2009/,http://chaghi.com.ar/blog/posts/2009/03/25/peter_gabriel_en_buenos_aires_-_small_place_tour_2009.html
http://chaghi.com.ar/blog/2011/02/17/on-running/,http://chaghi.com.ar/blog/posts/2011/02/17/on-running.html
http://chaghi.com.ar/blog/2005/12/02/delicious/,http://chaghi.com.ar/blog/posts/2005/12/02/delicious.html
http://chaghi.com.ar/blog/2006/10/27/roxbox_86-06/,http://chaghi.com.ar/blog/posts/2006/10/27/roxbox_86-06.html
http://chaghi.com.ar/blog/2009/12/16/musicpass/,http://chaghi.com.ar/blog/posts/2009/12/16/musicpass.html
http://chaghi.com.ar/blog/2009/03/01/probando_ironpython_2/,http://chaghi.com.ar/blog/posts/2009/03/01/probando_ironpython_2.html
http://chaghi.com.ar/blog/2012/04/17/el-senor-capital/,http://chaghi.com.ar/blog/posts/2012/04/17/el-senor-capital.html
http://chaghi.com.ar/blog/2011/10/25/luchando-con-la-memoria-interna-del-htc-desire/,http://chaghi.com.ar/blog/posts/2011/10/25/luchando-con-la-memoria-interna-del-htc-desire.html
http://chaghi.com.ar/blog/2006/06/17/roxette_20_aos/,http://chaghi.com.ar/blog/posts/2006/06/17/roxette_20_aos.html
http://chaghi.com.ar/blog/2007/09/10/chacarera_de_la_informatica/,http://chaghi.com.ar/blog/posts/2007/09/10/chacarera_de_la_informatica.html
http://chaghi.com.ar/blog/2006/05/03/primera_transmision_desde_europa/,http://chaghi.com.ar/blog/posts/2006/05/03/primera_transmision_desde_europa.html
http://chaghi.com.ar/blog/2006/12/03/hot-joy-otra-vez/,http://chaghi.com.ar/blog/posts/2006/12/03/hot-joy-otra-vez.html
http://chaghi.com.ar/blog/2011/09/04/masticando-fotos/,http://chaghi.com.ar/blog/posts/2011/09/04/masticando-fotos.html
http://chaghi.com.ar/blog/2006/02/18/syriana_y_la_torre_oscura/,http://chaghi.com.ar/blog/posts/2006/02/18/syriana_y_la_torre_oscura.html
http://chaghi.com.ar/blog/2007/04/12/la-magia-de-los-mapas/,http://chaghi.com.ar/blog/posts/2007/04/12/la-magia-de-los-mapas.html
http://chaghi.com.ar/blog/2011/12/03/volviendo-a-las-sierras-de-cordoba/,http://chaghi.com.ar/blog/posts/2011/12/03/volviendo-a-las-sierras-de-cordoba.html
http://chaghi.com.ar/blog/2008/08/30/mi_selecci_n_de_camara_digital_bridge/,http://chaghi.com.ar/blog/posts/2008/08/30/mi_selecci_n_de_camara_digital_bridge.html
http://chaghi.com.ar/blog/2005/10/17/experiencia/,http://chaghi.com.ar/blog/posts/2005/10/17/experiencia.html
http://chaghi.com.ar/blog/2007/12/22/la_candelaria_reloaded/,http://chaghi.com.ar/blog/posts/2007/12/22/la_candelaria_reloaded.html
http://chaghi.com.ar/blog/2007/11/21/certificamos_iso_9001/,http://chaghi.com.ar/blog/posts/2007/11/21/certificamos_iso_9001.html
http://chaghi.com.ar/blog/2006/04/06/codigo_abierto_cuando_si_cuando_no_mi_vision/,http://chaghi.com.ar/blog/posts/2006/04/06/codigo_abierto_cuando_si_cuando_no_mi_vision.html
http://chaghi.com.ar/blog/2006/01/25/en_que_ando/,http://chaghi.com.ar/blog/posts/2006/01/25/en_que_ando.html
http://chaghi.com.ar/blog/2007/12/05/un_poco_de_muy_buen_jazz_en_vivo/,http://chaghi.com.ar/blog/posts/2007/12/05/un_poco_de_muy_buen_jazz_en_vivo.html
http://chaghi.com.ar/blog/2011/02/15/acuchillando-lunares/,http://chaghi.com.ar/blog/posts/2011/02/15/acuchillando-lunares.html
http://chaghi.com.ar/blog/2007/07/23/wrz_y_fuerza_aerea/,http://chaghi.com.ar/blog/posts/2007/07/23/wrz_y_fuerza_aerea.html
http://chaghi.com.ar/blog/2006/03/19/el_metodo/,http://chaghi.com.ar/blog/posts/2006/03/19/el_metodo.html
http://chaghi.com.ar/blog/2006/03/13/24_-_quinta_temporada/,http://chaghi.com.ar/blog/posts/2006/03/13/24_-_quinta_temporada.html
http://chaghi.com.ar/blog/2005/07/12/la_guerra_de_los_mundos/,http://chaghi.com.ar/blog/posts/2005/07/12/la_guerra_de_los_mundos.html
http://chaghi.com.ar/blog/2008/02/25/el_caso_del_email_a_500_millas/,http://chaghi.com.ar/blog/posts/2008/02/25/el_caso_del_email_a_500_millas.html
http://chaghi.com.ar/blog/2011/01/26/volver_al_futuro/,http://chaghi.com.ar/blog/posts/2011/01/26/volver_al_futuro.html
http://chaghi.com.ar/blog/2009/04/05/knowing/,http://chaghi.com.ar/blog/posts/2009/04/05/knowing.html
http://chaghi.com.ar/blog/2007/07/21/la_historia_de_lisey/,http://chaghi.com.ar/blog/posts/2007/07/21/la_historia_de_lisey.html
http://chaghi.com.ar/blog/2007/09/24/oido_al_pasar/,http://chaghi.com.ar/blog/posts/2007/09/24/oido_al_pasar.html
http://chaghi.com.ar/blog/2007/06/09/implementamos/,http://chaghi.com.ar/blog/posts/2007/06/09/implementamos.html
http://chaghi.com.ar/blog/2013/07/09/tarde-gris-acompanado-por-the-shining/,http://chaghi.com.ar/blog/posts/2013/07/09/tarde-gris-acompanado-por-the-shining.html
http://chaghi.com.ar/blog/2005/06/18/batman_begins/,http://chaghi.com.ar/blog/posts/2005/06/18/batman_begins.html
http://chaghi.com.ar/blog/2012/02/21/desenterrando-recuerdos/,http://chaghi.com.ar/blog/posts/2012/02/21/desenterrando-recuerdos.html
http://chaghi.com.ar/blog/2005/04/30/nuevo_laburo_tai_chi_y_tif/,http://chaghi.com.ar/blog/posts/2005/04/30/nuevo_laburo_tai_chi_y_tif.html
http://chaghi.com.ar/blog/2006/08/31/en_que_lineas_de_subte__tren_han_viajado/,http://chaghi.com.ar/blog/posts/2006/08/31/en_que_lineas_de_subte__tren_han_viajado.html
http://chaghi.com.ar/blog/2010/02/07/por_las_huellas_de_butch_cassidy/,http://chaghi.com.ar/blog/posts/2010/02/07/por_las_huellas_de_butch_cassidy.html
http://chaghi.com.ar/blog/2007/08/07/deprecando_mi_casilla_de_e-mail_de_sion/,http://chaghi.com.ar/blog/posts/2007/08/07/deprecando_mi_casilla_de_e-mail_de_sion.html
http://chaghi.com.ar/blog/2009/05/06/feria_del_libro_2009_liliana_bodoc/,http://chaghi.com.ar/blog/posts/2009/05/06/feria_del_libro_2009_liliana_bodoc.html
http://chaghi.com.ar/blog/2005/09/16/reviviendo_las_fotos/,http://chaghi.com.ar/blog/posts/2005/09/16/reviviendo_las_fotos.html
http://chaghi.com.ar/blog/2011/10/14/eric-clapton/,http://chaghi.com.ar/blog/posts/2011/10/14/eric-clapton.html
http://chaghi.com.ar/blog/2005/10/12/cena_con_silvia_marcela_y_maria/,http://chaghi.com.ar/blog/posts/2005/10/12/cena_con_silvia_marcela_y_maria.html
http://chaghi.com.ar/blog/2004/09/22/recuperando_el_habito_de_la_lectura/,http://chaghi.com.ar/blog/posts/2004/09/22/recuperando_el_habito_de_la_lectura.html
http://chaghi.com.ar/blog/2012/01/20/andiperla/,http://chaghi.com.ar/blog/posts/2012/01/20/andiperla.html
http://chaghi.com.ar/blog/2007/11/19/les_luthiers_40_anios/,http://chaghi.com.ar/blog/posts/2007/11/19/les_luthiers_40_anios.html
http://chaghi.com.ar/blog/2007/08/01/actionmonkey_igual_a_python_y_ruby_en_firefox/,http://chaghi.com.ar/blog/posts/2007/08/01/actionmonkey_igual_a_python_y_ruby_en_firefox.html
http://chaghi.com.ar/blog/2011/10/29/thunderdome/,http://chaghi.com.ar/blog/posts/2011/10/29/thunderdome.html
http://chaghi.com.ar/blog/2008/08/08/ironpython_con_bater_as_inclu_das/,http://chaghi.com.ar/blog/posts/2008/08/08/ironpython_con_bater_as_inclu_das.html
http://chaghi.com.ar/blog/2007/01/20/ubuntu-6-10-en-dell-inspiron-640m/,http://chaghi.com.ar/blog/posts/2007/01/20/ubuntu-6-10-en-dell-inspiron-640m.html
http://chaghi.com.ar/blog/2006/02/03/reencuentros/,http://chaghi.com.ar/blog/posts/2006/02/03/reencuentros.html
http://chaghi.com.ar/blog/2007/04/30/nuevo-dise-o/,http://chaghi.com.ar/blog/posts/2007/04/30/nuevo-dise-o.html
http://chaghi.com.ar/blog/2007/04/23/flickr-un-par-de-a-os-despu-s/,http://chaghi.com.ar/blog/posts/2007/04/23/flickr-un-par-de-a-os-despu-s.html
http://chaghi.com.ar/blog/2006/08/24/dos_pelis_dos/,http://chaghi.com.ar/blog/posts/2006/08/24/dos_pelis_dos.html
http://chaghi.com.ar/blog/2008/10/08/varios_muy_variados/,http://chaghi.com.ar/blog/posts/2008/10/08/varios_muy_variados.html
http://chaghi.com.ar/blog/2008/05/25/d_jame_entrar/,http://chaghi.com.ar/blog/posts/2008/05/25/d_jame_entrar.html
http://chaghi.com.ar/blog/2008/04/20/ambig_edad_de_zeta_o_periodismo_cholulo_berreta/,http://chaghi.com.ar/blog/posts/2008/04/20/ambig_edad_de_zeta_o_periodismo_cholulo_berreta.html
http://chaghi.com.ar/blog/2011/11/22/enviar-un-articulo-a-read-it-later-desde-google-reader/,http://chaghi.com.ar/blog/posts/2011/11/22/enviar-un-articulo-a-read-it-later-desde-google-reader.html
http://chaghi.com.ar/blog/2007/07/06/a_veces_no_hay_nada_mejor_que_vim/,http://chaghi.com.ar/blog/posts/2007/07/06/a_veces_no_hay_nada_mejor_que_vim.html
http://chaghi.com.ar/blog/2004/08/02/ltimo_cuatrimestre/,http://chaghi.com.ar/blog/posts/2004/08/02/ltimo_cuatrimestre.html
http://chaghi.com.ar/blog/2008/04/06/u2_3d/,http://chaghi.com.ar/blog/posts/2008/04/06/u2_3d.html
http://chaghi.com.ar/blog/2011/02/14/recapitulando-recitales-de-2010/,http://chaghi.com.ar/blog/posts/2011/02/14/recapitulando-recitales-de-2010.html
http://chaghi.com.ar/blog/2007/05/17/ballet/,http://chaghi.com.ar/blog/posts/2007/05/17/ballet.html
http://chaghi.com.ar/blog/2006/03/18/arreglando_mi_habitacion/,http://chaghi.com.ar/blog/posts/2006/03/18/arreglando_mi_habitacion.html
http://chaghi.com.ar/blog/2006/04/23/ultimos_preparativos_para_el_viaje/,http://chaghi.com.ar/blog/posts/2006/04/23/ultimos_preparativos_para_el_viaje.html
http://chaghi.com.ar/blog/2005/12/18/karaoke_en_kai_men/,http://chaghi.com.ar/blog/posts/2005/12/18/karaoke_en_kai_men.html
http://chaghi.com.ar/blog/2005/12/10/primer_examen_de_tai_chi_chuan/,http://chaghi.com.ar/blog/posts/2005/12/10/primer_examen_de_tai_chi_chuan.html
http://chaghi.com.ar/blog/2006/10/29/yo_recomiendo_ubuntu/,http://chaghi.com.ar/blog/posts/2006/10/29/yo_recomiendo_ubuntu.html
http://chaghi.com.ar/blog/2006/03/19/sudoku_y_actualizacion_gnome/,http://chaghi.com.ar/blog/posts/2006/03/19/sudoku_y_actualizacion_gnome.html
http://chaghi.com.ar/blog/2006/03/13/subte_en_hora_pico/,http://chaghi.com.ar/blog/posts/2006/03/13/subte_en_hora_pico.html
http://chaghi.com.ar/blog/2011/09/29/stockholm-sunset/,http://chaghi.com.ar/blog/posts/2011/09/29/stockholm-sunset.html
http://chaghi.com.ar/blog/2006/09/02/kernelorg_faq/,http://chaghi.com.ar/blog/posts/2006/09/02/kernelorg_faq.html
http://chaghi.com.ar/blog/2007/03/11/cerati-gratis-en-bs-as/,http://chaghi.com.ar/blog/posts/2007/03/11/cerati-gratis-en-bs-as.html
http://chaghi.com.ar/blog/2005/01/23/de_regreso/,http://chaghi.com.ar/blog/posts/2005/01/23/de_regreso.html
http://chaghi.com.ar/blog/2010/03/03/desarrollar_software_te_hace_mal/,http://chaghi.com.ar/blog/posts/2010/03/03/desarrollar_software_te_hace_mal.html
http://chaghi.com.ar/blog/2011/04/03/anecdotas-roxetteras/,http://chaghi.com.ar/blog/posts/2011/04/03/anecdotas-roxetteras.html
http://chaghi.com.ar/blog/2008/12/09/madonna_sticky_sweet_tour_buenos_aires/,http://chaghi.com.ar/blog/posts/2008/12/09/madonna_sticky_sweet_tour_buenos_aires.html
http://chaghi.com.ar/blog/2005/08/15/bruce_willis_x_2/,http://chaghi.com.ar/blog/posts/2005/08/15/bruce_willis_x_2.html
http://chaghi.com.ar/blog/2007/11/05/cdc_unlux_2007_-_conectando_puntos/,http://chaghi.com.ar/blog/posts/2007/11/05/cdc_unlux_2007_-_conectando_puntos.html
http://chaghi.com.ar/blog/2009/09/23/cine_mucho_q3_2009/,http://chaghi.com.ar/blog/posts/2009/09/23/cine_mucho_q3_2009.html
http://chaghi.com.ar/blog/2007/10/19/la_culpa_de_todo_la_tiene_la_colimba/,http://chaghi.com.ar/blog/posts/2007/10/19/la_culpa_de_todo_la_tiene_la_colimba.html
http://chaghi.com.ar/blog/2007/03/22/hoztear-primera-prueba-superada/,http://chaghi.com.ar/blog/posts/2007/03/22/hoztear-primera-prueba-superada.html
http://chaghi.com.ar/blog/2012/01/27/la-vuelta-a-los-hielos/,http://chaghi.com.ar/blog/posts/2012/01/27/la-vuelta-a-los-hielos.html
http://chaghi.com.ar/blog/2005/09/15/eyecandiness/,http://chaghi.com.ar/blog/posts/2005/09/15/eyecandiness.html
http://chaghi.com.ar/blog/2006/08/27/el_transporte_en_la_ciudad/,http://chaghi.com.ar/blog/posts/2006/08/27/el_transporte_en_la_ciudad.html
http://chaghi.com.ar/blog/2005/09/10/fiasco/,http://chaghi.com.ar/blog/posts/2005/09/10/fiasco.html
http://chaghi.com.ar/blog/2011/11/25/rumbo-a-la-quebrada-del-condorito/,http://chaghi.com.ar/blog/posts/2011/11/25/rumbo-a-la-quebrada-del-condorito.html
http://chaghi.com.ar/blog/2008/04/14/ideas_sueltas_en_abril/,http://chaghi.com.ar/blog/posts/2008/04/14/ideas_sueltas_en_abril.html
http://chaghi.com.ar/blog/2012/02/19/only-when-i-dream/,http://chaghi.com.ar/blog/posts/2012/02/19/only-when-i-dream.html
http://chaghi.com.ar/blog/2007/09/01/virtualbox_seamless_windows/,http://chaghi.com.ar/blog/posts/2007/09/01/virtualbox_seamless_windows.html
http://chaghi.com.ar/blog/2011/10/23/democracia/,http://chaghi.com.ar/blog/posts/2011/10/23/democracia.html
http://chaghi.com.ar/blog/2009/04/29/duplicity/,http://chaghi.com.ar/blog/posts/2009/04/29/duplicity.html
http://chaghi.com.ar/blog/2006/02/25/noticias_desde_bariloche/,http://chaghi.com.ar/blog/posts/2006/02/25/noticias_desde_bariloche.html
http://chaghi.com.ar/blog/2011/02/07/paraguas/,http://chaghi.com.ar/blog/posts/2011/02/07/paraguas.html
http://chaghi.com.ar/blog/2004/07/31/primeros_cambios/,http://chaghi.com.ar/blog/posts/2004/07/31/primeros_cambios.html
http://chaghi.com.ar/blog/2006/04/11/dattatec_todo_mal/,http://chaghi.com.ar/blog/posts/2006/04/11/dattatec_todo_mal.html
http://chaghi.com.ar/blog/2005/08/27/cuando_un_cuento_esta_bien_narrado/,http://chaghi.com.ar/blog/posts/2005/08/27/cuando_un_cuento_esta_bien_narrado.html
http://chaghi.com.ar/blog/2005/11/26/la_candelaria/,http://chaghi.com.ar/blog/posts/2005/11/26/la_candelaria.html
http://chaghi.com.ar/blog/2005/12/02/roxette_en_londres/,http://chaghi.com.ar/blog/posts/2005/12/02/roxette_en_londres.html
http://chaghi.com.ar/blog/2009/06/03/duma_key/,http://chaghi.com.ar/blog/posts/2009/06/03/duma_key.html
http://chaghi.com.ar/blog/2009/03/08/ironpython_pyc/,http://chaghi.com.ar/blog/posts/2009/03/08/ironpython_pyc.html
http://chaghi.com.ar/blog/2005/10/22/marie_estoy_sana/,http://chaghi.com.ar/blog/posts/2005/10/22/marie_estoy_sana.html
http://chaghi.com.ar/blog/2007/01/11/nuevas-temporadas-series/,http://chaghi.com.ar/blog/posts/2007/01/11/nuevas-temporadas-series.html
http://chaghi.com.ar/blog/2012/08/22/receta/,http://chaghi.com.ar/blog/posts/2012/08/22/receta.html
http://chaghi.com.ar/blog/2007/12/02/the_police_en_buenos_aires/,http://chaghi.com.ar/blog/posts/2007/12/02/the_police_en_buenos_aires.html
http://chaghi.com.ar/blog/2006/07/28/terminando_sueco_por_ahora/,http://chaghi.com.ar/blog/posts/2006/07/28/terminando_sueco_por_ahora.html
http://chaghi.com.ar/blog/2004/07/29/reviviendo_la_pagina_de_chaghi/,http://chaghi.com.ar/blog/posts/2004/07/29/reviviendo_la_pagina_de_chaghi.html
http://chaghi.com.ar/blog/2006/10/21/trusted_computing_-_suena_lindo_pero_lo_es/,http://chaghi.com.ar/blog/posts/2006/10/21/trusted_computing_-_suena_lindo_pero_lo_es.html
http://chaghi.com.ar/blog/2008/10/26/una_ceremonia_distinta_y_original/,http://chaghi.com.ar/blog/posts/2008/10/26/una_ceremonia_distinta_y_original.html
http://chaghi.com.ar/blog/2007/04/16/quilmes-rock-07/,http://chaghi.com.ar/blog/posts/2007/04/16/quilmes-rock-07.html
http://chaghi.com.ar/blog/2008/06/09/opeth_den_standiga_resan/,http://chaghi.com.ar/blog/posts/2008/06/09/opeth_den_standiga_resan.html
http://chaghi.com.ar/blog/2006/01/28/nuevo_portal_de_pyar/,http://chaghi.com.ar/blog/posts/2006/01/28/nuevo_portal_de_pyar.html
http://chaghi.com.ar/blog/2005/05/05/sion_se_jugo/,http://chaghi.com.ar/blog/posts/2005/05/05/sion_se_jugo.html
http://chaghi.com.ar/blog/2006/08/26/mas_noticias_sobre_el_aniversario_de_roxette/,http://chaghi.com.ar/blog/posts/2006/08/26/mas_noticias_sobre_el_aniversario_de_roxette.html
http://chaghi.com.ar/blog/2006/11/17/recorriendo-bs-as-con-tu-reproductor-de-mp3-2/,http://chaghi.com.ar/blog/posts/2006/11/17/recorriendo-bs-as-con-tu-reproductor-de-mp3-2.html
http://chaghi.com.ar/blog/2005/11/18/piloto_automatico/,http://chaghi.com.ar/blog/posts/2005/11/18/piloto_automatico.html
